"DATE","TIME PERIOD","Total excess reserves of credit institutions subject to minimum reserve requirements (BSI.M.U2.N.R.LRE.X.1.A1.3000.Z01.E)"
"1999-02-28","1999Feb","1017.00"
"1999-03-31","1999Mar","1605.00"
"1999-04-30","1999Apr","1106.00"
"1999-05-31","1999May","1034.00"
"1999-06-30","1999Jun","941.00"
"1999-07-31","1999Jul","982.00"
"1999-08-31","1999Aug","768.00"
"1999-09-30","1999Sep","634.00"
"1999-10-31","1999Oct","705.00"
"1999-11-30","1999Nov","710.00"
"1999-12-31","1999Dec","734.00"
"2000-01-31","2000Jan","961.00"
"2000-02-29","2000Feb","578.00"
"2000-03-31","2000Mar","584.00"
"2000-04-30","2000Apr","966.00"
"2000-05-31","2000May","683.00"
"2000-06-30","2000Jun","721.00"
"2000-07-31","2000Jul","819.00"
"2000-08-31","2000Aug","616.00"
"2000-09-30","2000Sep","688.00"
"2000-10-31","2000Oct","756.00"
"2000-11-30","2000Nov","610.00"
"2000-12-31","2000Dec","742.00"
"2001-01-31","2001Jan","619.00"
"2001-02-28","2001Feb","603.00"
"2001-03-31","2001Mar","590.00"
"2001-04-30","2001Apr","581.00"
"2001-05-31","2001May","616.00"
"2001-06-30","2001Jun","685.00"
"2001-07-31","2001Jul","694.00"
"2001-08-31","2001Aug","627.00"
"2001-09-30","2001Sep","784.00"
"2001-10-31","2001Oct","659.00"
"2001-11-30","2001Nov","598.00"
"2001-12-31","2001Dec","994.00"
"2002-01-31","2002Jan","1668.00"
"2002-02-28","2002Feb","830.00"
"2002-03-31","2002Mar","850.00"
"2002-04-30","2002Apr","652.00"
"2002-05-31","2002May","689.00"
"2002-06-30","2002Jun","774.00"
"2002-07-31","2002Jul","727.00"
"2002-08-31","2002Aug","659.00"
"2002-09-30","2002Sep","589.00"
"2002-10-31","2002Oct","619.00"
"2002-11-30","2002Nov","622.00"
"2002-12-31","2002Dec","753.00"
"2003-01-31","2003Jan","704.00"
"2003-02-28","2003Feb","707.00"
"2003-03-31","2003Mar","698.00"
"2003-04-30","2003Apr","647.00"
"2003-05-31","2003May","602.00"
"2003-06-30","2003Jun","641.00"
"2003-07-31","2003Jul","601.00"
"2003-08-31","2003Aug","688.00"
"2003-09-30","2003Sep","637.00"
"2003-10-31","2003Oct","643.00"
"2003-11-30","2003Nov","732.00"
"2003-12-31","2003Dec","792.00"
"2004-01-31","2004Jan","878.00"
"2004-02-29","2004Feb"
"2004-03-31","2004Mar","660.00"
"2004-04-30","2004Apr","667.00"
"2004-05-31","2004May","600.00"
"2004-06-30","2004Jun","654.00"
"2004-07-31","2004Jul","799.00"
"2004-08-31","2004Aug","596.00"
"2004-09-30","2004Sep","584.00"
"2004-10-31","2004Oct","609.00"
"2004-11-30","2004Nov","662.00"
"2004-12-31","2004Dec","595.00"
"2005-01-31","2005Jan","729.00"
"2005-02-28","2005Feb","781.00"
"2005-03-31","2005Mar","804.00"
"2005-04-30","2005Apr","628.00"
"2005-05-31","2005May","932.00"
"2005-06-30","2005Jun","858.00"
"2005-07-31","2005Jul","700.00"
"2005-08-31","2005Aug","626.00"
"2005-09-30","2005Sep","573.00"
"2005-10-31","2005Oct","721.00"
"2005-11-30","2005Nov","694.00"
"2005-12-31","2005Dec","1025.00"
"2006-01-31","2006Jan","809.00"
"2006-02-28","2006Feb","721.00"
"2006-03-31","2006Mar","628.00"
"2006-04-30","2006Apr","616.00"
"2006-05-31","2006May","779.00"
"2006-06-30","2006Jun","727.00"
"2006-07-31","2006Jul","777.00"
"2006-08-31","2006Aug","607.00"
"2006-09-30","2006Sep","597.00"
"2006-10-31","2006Oct","664.00"
"2006-11-30","2006Nov","783.00"
"2006-12-31","2006Dec","682.00"
"2007-01-31","2007Jan","961.00"
"2007-02-28","2007Feb","789.00"
"2007-03-31","2007Mar","799.00"
"2007-04-30","2007Apr","791.00"
"2007-05-31","2007May","1023.00"
"2007-06-30","2007Jun","918.00"
"2007-07-31","2007Jul","1245.00"
"2007-08-31","2007Aug","738.00"
"2007-09-30","2007Sep","855.00"
"2007-10-31","2007Oct","877.00"
"2007-11-30","2007Nov","704.00"
"2007-12-31","2007Dec","966.00"
"2008-01-31","2008Jan","1071.00"
"2008-02-29","2008Feb","754.00"
"2008-03-31","2008Mar","681.00"
"2008-04-30","2008Apr","643.00"
"2008-05-31","2008May","810.00"
"2008-06-30","2008Jun","751.00"
"2008-07-31","2008Jul","811.00"
"2008-08-31","2008Aug","705.00"
"2008-09-30","2008Sep","677.00"
"2008-10-31","2008Oct","2004.00"
"2008-11-30","2008Nov","2444.00"
"2008-12-31","2008Dec","1464.00"
"2009-01-31","2009Jan","1154.00"
"2009-02-28","2009Feb","998.00"
"2009-03-31","2009Mar","1027.00"
"2009-04-30","2009Apr","777.00"
"2009-05-31","2009May","1092.00"
"2009-06-30","2009Jun","1189.00"
"2009-07-31","2009Jul","1117.00"
"2009-08-31","2009Aug","907.00"
"2009-09-30","2009Sep","964.00"
"2009-10-31","2009Oct","1066.00"
"2009-11-30","2009Nov","951.00"
"2009-12-31","2009Dec","1207.00"
"2010-01-31","2010Jan","1170.00"
"2010-02-28","2010Feb","1445.00"
"2010-03-31","2010Mar","991.00"
"2010-04-30","2010Apr","1153.00"
"2010-05-31","2010May","1182.00"
"2010-06-30","2010Jun","1251.00"
"2010-07-31","2010Jul","1376.00"
"2010-08-31","2010Aug","1374.00"
"2010-09-30","2010Sep","1406.00"
"2010-10-31","2010Oct","1218.00"
"2010-11-30","2010Nov","1199.00"
"2010-12-31","2010Dec","732.00"
"2011-01-31","2011Jan","1863.00"
"2011-02-28","2011Feb","1285.00"
"2011-03-31","2011Mar","1290.00"
"2011-04-30","2011Apr","1140.00"
"2011-05-31","2011May","1211.00"
"2011-06-30","2011Jun","2035.00"
"2011-07-31","2011Jul","3135.00"
"2011-08-31","2011Aug","2659.00"
"2011-09-30","2011Sep","2509.00"
"2011-10-31","2011Oct","2578.00"
"2011-11-30","2011Nov","2754.00"
"2011-12-31","2011Dec","4469.00"
"2012-01-31","2012Jan","5290.00"
"2012-02-29","2012Feb","4728.00"
"2012-03-31","2012Mar","4570.00"
"2012-04-30","2012Apr","4282.00"
"2012-05-31","2012May","5275.00"
"2012-06-30","2012Jun","4206.00"
"2012-07-31","2012Jul","4616.00"
"2012-08-31","2012Aug","403239.00"
"2012-09-30","2012Sep","432898.00"
"2012-10-31","2012Oct","431095.00"
"2012-11-30","2012Nov","422720.00"
"2012-12-31","2012Dec","403527.00"
"2013-01-31","2013Jan","382990.00"
"2013-02-28","2013Feb","360807.00"
"2013-03-31","2013Mar","297341.00"
"2013-04-30","2013Apr","241136.00"
"2013-05-31","2013May","217281.00"
"2013-06-30","2013Jun","195045.00"
"2013-07-31","2013Jul","181418.00"
"2013-08-31","2013Aug","165138.00"
"2013-09-30","2013Sep","169599.00"
"2013-10-31","2013Oct","164672.00"
"2013-11-30","2013Nov","141108.00"
"2013-12-31","2013Dec","116924.00"
"2014-01-31","2014Jan","144838.00"
"2014-02-28","2014Feb","112425.00"
"2014-03-31","2014Mar","98277.00"
"2014-04-30","2014Apr","91643.00"
"2014-05-31","2014May","87737.00"
"2014-06-30","2014Jun","88342.00"
"2014-07-31","2014Jul","109847.00"
"2014-08-31","2014Aug","105230.00"
"2014-09-30","2014Sep","104852.00"
"2014-10-31","2014Oct","87296.00"
"2014-11-30","2014Nov","82779.00"
"2014-12-31","2014Dec","78994.00"
"2015-01-31","2015Jan","130144.00"
"2015-03-31","2015Mar","117812.00"
"2015-04-30","2015Apr","151285.00"
"2015-06-30","2015Jun","193067.00"
"2015-07-31","2015Jul","269073.00"
"2015-09-30","2015Sep","315666.00"
"2015-10-31","2015Oct","352106.00"
"2015-12-31","2015Dec","380772.00"
"2016-01-31","2016Jan","443823.00"
"2016-03-31","2016Mar","442615.00"
"2016-04-30","2016Apr","455648.00"
"2016-06-30","2016Jun","508730.59"
"2016-07-31","2016Jul","541621.69"
"2016-09-30","2016Sep","632130.24"
"2016-10-31","2016Oct","659630.38"
"2016-12-31","2016Dec","706484.40"
"2017-01-31","2017Jan","800290.98"
"2017-03-31","2017Mar","840524.85"
"2017-05-31","2017May","961866.98"
"2017-06-30","2017Jun","1056429.71"
"2017-07-31","2017Jul","1046670.87"
"2017-09-30","2017Sep","1120638.89"
"2017-10-31","2017Oct","1131016.41"
"2017-12-31","2017Dec","1186835.99"
"2018-01-31","2018Jan","1151412.30"
"2018-03-31","2018Mar","1191791.84"
"2018-05-31","2018May","1170914.10"
"2018-06-30","2018Jun","1230204.83"
"2018-07-31","2018Jul","1181980.13"
"2018-09-30","2018Sep","1221977.31"
"2018-10-31","2018Oct","1242332.05"
"2018-12-31","2018Dec","1252605.11"
"2019-01-31","2019Jan","1204771.69"
"2019-03-31","2019Mar","1236936.72"
"2019-04-30","2019Apr","1250589.89"
"2019-06-30","2019Jun","1275803.70"
"2019-07-31","2019Jul","1204271.02"
"2019-09-30","2019Sep","1199490.84"
"2019-10-31","2019Oct","1255266.84"
"2019-12-31","2019Dec","1528039.10"
"2020-01-31","2020Jan","1489276.29"
"2020-03-31","2020Mar","1506707.09"
"2020-05-31","2020May","1684516.08"
"2020-06-30","2020Jun","1826952.34"
"2020-07-31","2020Jul","2204750.56"
"2020-09-30","2020Sep","2483302.17"
"2020-11-30","2020Nov","2653489.21"
"2020-12-31","2020Dec","2816741.47"
"2021-01-31","2021Jan","2883942.48"
"2021-03-31","2021Mar","3011236.41"
"2021-04-30","2021Apr","3273630.28"
"2021-06-30","2021Jun","3443936.78"
"2021-07-31","2021Jul","3502909.89"
"2021-09-30","2021Sep","3574553.60"
"2021-11-30","2021Nov","3652884.37"
"2021-12-31","2021Dec","3689089.50"
"2022-02-28","2022Feb","3656928.74"
"2022-03-31","2022Mar","3746823.83"
"2022-04-30","2022Apr","3770536.84"
"2022-06-30","2022Jun","3888344.50"
"2022-07-31","2022Jul","3782475.84"
"2022-09-30","2022Sep","3774724.48"
"2022-11-30","2022Nov","167680.41"
"2022-12-31","2022Dec","47142.87"
"2023-02-28","2023Feb","28086.75"
"2023-03-31","2023Mar","26440.65"
"2023-05-31","2023May","16915.07"
"2023-06-30","2023Jun","16811.78"
"2023-08-31","2023Aug","12287.97"
"2023-09-30","2023Sep","9025.69"
"2023-10-31","2023Oct","10012.14"
"2023-12-31","2023Dec","8116.87"
"2024-01-31","2024Jan","8175.34"
"2024-03-31","2024Mar","7238.34"
"2024-04-30","2024Apr","6798.51"
"2024-06-30","2024Jun","5403.55"
"2024-07-31","2024Jul","6180.44"
"2024-09-30","2024Sep","7120.57"
"2024-10-31","2024Oct","6105.02"
"2024-12-31","2024Dec","4904.64"
"2025-02-28","2025Feb","6922.59"
"2025-03-31","2025Mar","5526.50"
"2025-04-30","2025Apr","5229.67"
"2025-06-30","2025Jun","5564.87"
"2025-07-31","2025Jul","5029.83"
"2025-09-30","2025Sep","5183.69"
"2025-11-30","2025Nov","6569.42"
"2025-12-31","2025Dec","4573.44"
"2026-02-28","2026Feb","5903.54"
"2026-03-31","2026Mar","4941.59"
"2026-05-31","2026May","6669.85"
"2026-06-30","2026Jun","4961.88"
